DateTime,dining_room_temp,living_room_temp,forecast_temp,dinning_room_CO2,living_room_CO2,dining_room_humidity,living_room_humidity,Lighting_dinning_room,Lighting_room,precipitacion,wind,outdoor_temp,outdoor_humidity,Day_Of_Week
13-03-2012 11:45,18.1875,17.8275,0,216.56,221.92,39.9125,42.415,81.665,113.52,0,1.42625,18.115,48.375,2
13-03-2012 12:00,18.4633,18.1207,6.8,219.947,220.363,39.9267,42.2453,81.7413,113.605,0,1.592,18.4147,47.808,2
13-03-2012 12:15,18.7673,18.4367,17,219.403,218.933,39.772,42.2267,81.424,113.6,0,1.89133,18.8533,47.432,2
13-03-2012 12:30,19.0727,18.7513,18,218.613,217.045,39.776,42.0987,81.5013,113.344,0,1.828,19.2907,47.024,2
13-03-2012 12:45,19.3721,19.0414,20,217.714,216.08,39.7757,42.0686,81.4657,113.034,0,2.36071,19.74,45.4743,2
13-03-2012 13:00,19.6407,19.2773,20,218.389,216.011,39.8107,42.0347,81.2427,113.6,0,2.06333,20.166,45.5467,2
13-03-2012 13:15,19.912,19.5367,20,218.155,215.829,39.8613,41.9947,81.36,112.981,0,2.23067,20.566,44.968,2
13-03-2012 13:30,20.164,19.7307,20,216.661,215.296,39.824,41.9947,81.024,111.259,0,1.924,20.8427,45.1813,2
13-03-2012 13:45,20.412,19.9693,20,217.461,214.549,39.9587,42.1253,81.104,83.3547,0,2.51067,21.204,45.416,2
13-03-2012 14:00,20.64,20.1407,20,215.349,213.909,39.94,42.0427,81.1813,83.36,0,2.65333,21.5227,45.0213,2
13-03-2012 14:15,20.8453,20.3267,20,213.888,213.312,39.9813,42.1787,61.0693,83.6107,0,2.82667,21.756,44.36,2
13-03-2012 14:30,21.0333,20.4713,20,215.413,213.739,40.3587,42.7067,51.2373,59.952,0,2.49467,21.984,44.7947,2
13-03-2012 14:45,21.2333,20.9093,20,216.021,222.528,40.9107,41.5147,43.3733,52.824,0,2.466,22.108,43.984,2
13-03-2012 15:00,21.4293,21.4253,19.6667,216.256,219.68,41.1987,40.956,36.2653,45.6747,0,2.432,22.1373,44.5467,2
13-03-2012 15:15,21.488,21.8467,19,213.173,219.285,41.88,40.6347,34.476,40.16,0,1.732,22.08,44.7813,2
13-03-2012 15:30,21.524,22.1573,18.6667,211.093,217.589,43.2213,40.8413,31.1267,32.248,0,1.89133,21.9373,45.6773,2
13-03-2012 15:45,21.584,22.404,18.2,211.157,215.136,43.3653,40.8867,21.442,23.44,0,1.64267,21.7067,45.5173,2
13-03-2012 16:00,21.612,22.7307,18,209.419,214.24,42.744,40.3867,20.822,23.44,0,1.59067,21.4667,45.2373,2
13-03-2012 16:15,21.664,22.9373,18,209.408,213.632,42.216,39.9227,20.8233,23.44,0,1.732,21.1773,45.0747,2
13-03-2012 16:30,21.6853,23.2,18,209.547,215.029,41.976,39.6133,21.2633,22.244,0,1.59,20.9373,45.072,2
13-03-2012 16:45,21.788,23.436,18,212.715,217.067,41.52,39.084,20.4807,23.44,0,1.94733,20.7107,44.128,2
13-03-2012 17:00,21.832,23.668,18.7333,212.405,216.661,41.3253,38.3013,20.742,22.784,0,1.564,20.4627,43.2747,2
13-03-2012 17:15,21.808,23.852,19,212.064,216.672,40.8667,37.7867,20.84,23.5853,0,1.544,20.2047,43.6107,2
13-03-2012 17:30,21.768,24.0213,18.6667,211.211,216.299,40.9813,37.712,20.9207,23.2253,0,1.08867,19.976,45.8293,2
13-03-2012 17:45,21.7133,24.1413,18,211.051,216.768,41.4107,37.748,19.4407,23.2427,0,0.844667,19.756,47.0693,2
13-03-2012 18:00,21.66,24.268,18,210.763,217.088,41.992,37.8373,11.5887,21.4213,0,1.442,19.5273,49.5467,2
13-03-2012 18:15,21.596,24.38,18,210.571,215.616,43.1973,38.2173,11.5073,13.362,0,0.969333,19.3013,52.2027,2
13-03-2012 18:30,21.5307,24.0707,17.8667,209.92,216.107,43.8213,39.356,11.5073,13.1027,0,0.798667,19.0413,53.8053,2
13-03-2012 18:45,21.4493,23.588,17,209.792,215.477,44.3893,40.1587,11.5073,13.6067,0,0.228,18.768,54.928,2
13-03-2012 19:00,21.3747,23.2867,17,210.059,214.987,44.68,40.752,11.4427,13.0213,0,0.324,18.4967,55.752,2
13-03-2012 19:15,21.276,23.032,16.2667,210.069,215.115,44.64,41.2507,11.426,13.5413,0,0.716,18.23,56.0213,2
13-03-2012 19:30,21.1987,22.7747,15.6667,209.909,216,44.8213,41.616,11.3113,12.7773,0,0.110667,18.0053,56.584,2
13-03-2012 19:45,21.0933,22.5533,15.6,210.656,214.901,44.7493,42.0027,11.67,13.3787,0,0.661333,17.7807,57.5387,2
13-03-2012 20:00,21,22.352,15,210.667,214.549,44.5867,42.4373,11.524,13.0213,0,0.615333,17.576,57.9147,2
13-03-2012 20:15,20.9053,22.1227,15,209.877,213.888,44.3227,42.6267,11.6053,13.0213,0,0.458667,17.3707,57.5893,2
13-03-2012 20:30,20.816,21.9347,15,210.315,213.675,44.4693,42.7493,11.7847,13.2153,0,0.132,17.1607,57.1467,2
13-03-2012 20:45,20.72,21.7133,15,209.429,214.123,44.0507,42.808,11.4427,13.2653,0,0.119333,16.9407,57.1653,2
13-03-2012 21:00,20.628,21.5373,15,209.216,214.304,43.6827,42.8533,11.5887,12.5813,0,0,16.6853,57.1813,2
13-03-2012 21:15,20.5253,21.348,14.6,210.539,215.275,43.8027,42.856,11.524,13.1827,0,0,16.416,57.2453,2
13-03-2012 21:30,20.43,21.148,14.0667,211.04,216.832,43.624,42.9227,11.5887,12.8587,0,0,16.22,57.3653,2
13-03-2012 21:45,20.3147,20.9813,12.9333,211.317,217.867,43.136,42.9413,11.524,12.8587,0,0,16.0547,57.5253,2
13-03-2012 22:00,20.2133,20.8107,12,212.384,218.891,43.2,43.016,11.6053,12.94,0,0,15.876,57.712,2
13-03-2012 22:15,20.114,20.66,12,213.163,219.68,42.8533,43.0853,11.524,13.1833,0,0,15.7213,57.896,2
13-03-2012 22:30,20.0053,20.4753,11.6,213.472,219.744,42.7333,43.1307,11.7847,13.1027,0,0,15.5673,58.0133,2
13-03-2012 22:45,19.9007,20.3147,10.1333,214.827,219.627,42.6853,43.1813,11.6053,13.184,0,0,15.4147,57.928,2
13-03-2012 23:00,19.7953,20.164,10.3333,214.336,219.797,42.1973,43.24,11.524,12.94,0,0,15.26,58.048,2
13-03-2012 23:15,19.6773,19.9967,11,215.136,221.461,41.9947,43.2427,11.524,14.4027,0,0,15.066,58.0107,2
13-03-2012 23:30,19.5727,19.846,11,216.384,221.931,41.7573,43.248,11.6053,13.428,0,0,14.864,57.864,2
13-03-2012 23:45,19.442,19.6773,10.2667,216.971,223.499,41.3467,43.2293,11.524,13.184,0,0,14.6387,57.7173,2
14-03-2012 00:00,19.3327,19.526,10,217.835,223.381,41.432,43.1573,11.6053,13.0207,0,0,14.4433,57.5627,2
14-03-2012 00:15,19.238,19.3733,9.46667,219.115,223.637,41.0427,43.16,11.6053,13.5413,0,0,14.2667,57.472,3
14-03-2012 00:30,19.0933,19.2087,9,219.2,225.131,41.0133,43.152,11.524,13.1027,0,0,13.9887,57.7253,3
14-03-2012 00:45,18.962,19.0527,9,221.493,227.509,41.152,43.1573,11.524,13.2653,0,0,13.7673,58.3413,3
14-03-2012 01:00,18.8533,18.8973,9,222.229,226.208,41.152,43.24,11.5073,12.4353,0,0,13.6213,58.496,3
14-03-2012 01:15,18.7267,18.734,9,222.155,226.091,41.0427,43.2613,11.6867,13.6387,0,0,13.522,58.1013,3
14-03-2012 01:30,18.6073,18.5833,9,222.741,225.301,40.9627,43.2187,11.524,13.2,0,0,13.3787,57.44,3
14-03-2012 01:45,18.5007,18.4167,9,221.515,225.237,40.708,43.1653,11.7847,13.428,0,0,13.1973,57.5707,3
14-03-2012 02:00,18.36,18.2727,8.86667,222.304,226.56,40.6213,43.16,11.7033,13.1993,0,0,12.9067,57.4293,3
14-03-2012 02:15,18.2387,18.0973,8,222.411,227.211,40.712,43.16,11.6867,13.5093,0,0,12.6573,57.3867,3
14-03-2012 02:30,18.09,17.9533,8,222.08,225.6,40.6547,43.16,11.7847,13.184,0,0,12.5453,57.3787,3
14-03-2012 02:45,17.9553,17.8173,8.4,222.432,225.355,40.672,43.176,11.4427,13.8013,0,0,12.398,57.3493,3
14-03-2012 03:00,17.8333,17.654,7.8,221.12,222.795,40.676,43.1653,11.768,13.428,0,0,12.29,56.8533,3
14-03-2012 03:15,17.7047,17.5153,7,220.853,220.747,40.488,43.104,11.524,13.3467,0,0.168,12.176,56.6053,3
14-03-2012 03:30,17.5733,17.3267,7,218.784,216.928,40.3333,42.872,11.7847,13.3467,0,0.508,12.1367,56.2693,3
14-03-2012 03:45,17.4713,17.1553,7,216.373,217.216,40.4413,42.8507,11.6053,13.2653,0,0.0413333,12.072,56.0453,3
14-03-2012 04:00,17.3667,17.0253,7,216.043,215.957,40.4253,42.8933,11.9473,13.428,0,0,11.9873,55.984,3
14-03-2012 04:15,17.268,16.894,7,214.187,215.392,40.372,42.856,11.622,13.428,0,0.230667,11.9167,56.0373,3
14-03-2012 04:30,17.126,16.7433,7,213.003,213.781,40.3133,42.752,11.7847,13.1027,0,0.663333,11.8633,56.0667,3
14-03-2012 04:45,16.9933,16.608,7,212.619,213.419,40.312,42.648,11.6053,12.7607,0,1.298,11.836,56.1867,3
14-03-2012 05:00,16.904,16.4307,6.66667,211.168,212.672,40.3413,42.672,11.6053,13.2653,0,0.706,11.7567,56.104,3
14-03-2012 05:15,16.83,16.2933,6,211.317,212.992,40.376,42.776,11.622,13.428,0,0,11.6907,56.0907,3
14-03-2012 05:30,16.7333,16.174,6.13333,211.2,213.856,40.372,42.8667,11.866,13.3467,0,0,11.5713,56.4747,3
14-03-2012 05:45,16.61,16.036,6.8,210.304,214.005,40.4253,42.9387,11.768,13.3467,0,0,11.3687,57.0773,3
14-03-2012 06:00,16.504,15.9227,7,210.571,214.229,40.48,42.9787,11.524,13.672,0,0,11.2627,56.8853,3
14-03-2012 06:15,16.3927,15.8607,6.06667,211.072,214.197,40.4373,43.016,11.6053,13.8507,0,0,11.1727,56.9093,3
14-03-2012 06:30,16.282,15.74,6,211.093,214.496,40.448,43.0747,11.6053,19.6253,0,0,11.1,56.9573,3
14-03-2012 06:45,16.178,15.6427,6,211.467,217.077,40.44,43.0853,20.0447,23.44,0,0,11.03,57.088,3
14-03-2012 07:00,16.1087,15.5307,6,213.557,219.68,40.4507,43.0507,21.328,23.44,0,0,11,56.8347,3
14-03-2012 07:15,16.0233,15.4753,6,215.221,218.187,40.348,42.904,21.4893,23.5507,0,0.127333,11.09,56.12,3
14-03-2012 07:30,15.99,15.3773,6.33333,215.093,217.739,40.508,42.84,21.5073,23.44,0,0,11.2253,55.3573,3
14-03-2012 07:45,15.96,15.6793,7,215.424,216.928,40.556,42.064,21.3453,26.528,0,0,11.4613,54.4987,3
14-03-2012 08:00,15.97,16.2273,7.66667,215.509,218.464,40.6867,41.116,21.166,38.3507,0,0,11.778,53.9627,3
14-03-2012 08:15,15.9967,16.6473,9,215.488,218.475,40.7867,40.5907,21.246,49.1547,0,0,12.1447,54.224,3
14-03-2012 08:30,16.038,17.0253,9.2,215.872,219.392,40.868,40.2613,27.3667,65.44,0,0,12.57,55.1733,3
14-03-2012 08:45,16.1227,17.3987,9.73333,215.211,219.531,40.9867,39.98,32.492,83.0133,0,0,13.0093,56.2373,3
14-03-2012 09:00,16.246,17.7927,10,216.181,220.523,40.9,39.62,41.516,107.493,0,0,13.4953,56.9333,3
14-03-2012 09:15,16.4007,18.2633,11.6,215.413,220.779,40.6547,39.2147,41.4173,112.56,0,0.192,14.0053,56.792,3
14-03-2012 09:30,16.6693,18.712,13.6667,216.811,233.909,40.2733,38.5987,49.7333,128.923,0,0.174,14.52,55.752,3
14-03-2012 09:45,16.9007,19.2667,15,218.272,230.624,40.172,37.8773,51.9147,140.64,0,0.440667,15.106,55.08,3
14-03-2012 10:00,17.1213,19.8067,15.6667,219.808,228.32,40.1813,37.096,51.5707,142.944,0,0.764667,15.6,54.1627,3
14-03-2012 10:15,17.3767,20.3413,17,221.44,228.448,40.22,36.3373,53.9013,143.2,0,0.392,16.0653,53.416,3
14-03-2012 10:30,17.7033,20.8453,17.6667,225.109,262.859,40.3733,36.7587,81.6827,128.155,0,0.909333,16.586,52.92,3
14-03-2012 10:45,18.096,21.452,19,232.331,396.096,40.4653,39.972,81.4827,113.429,0,1.20267,17.142,52.8747,3
14-03-2012 11:00,18.4513,21.788,19,238.752,436.309,40.832,40.688,81.7413,114.24,0,1.49733,17.636,52.696,3
14-03-2012 11:15,18.76,21.836,19,243.904,448.469,41.0307,41.2693,81.6613,112.64,0,1.868,18.03,52.0427,3
14-03-2012 11:30,19.122,21.6173,19,267.189,301.28,41.836,39.4267,81.4213,142.56,0,1.93467,18.3747,52.0773,3
14-03-2012 11:45,19.546,21.424,19,283.349,265.952,42.432,40.624,81.424,141.68,0,2.028,18.6873,52.4213,3
14-03-2012 12:00,20.0367,21.6,19,322.869,310.432,43.0747,41.4853,81.4827,139.797,0,1.992,18.9767,52.688,3
14-03-2012 12:15,20.4673,21.8587,19.7333,357.781,384.448,42.1147,41.824,81.6613,123.637,0,2.25667,19.248,53.16,3
14-03-2012 12:30,20.832,22.0573,19.4667,396.843,472.277,42.1467,42.1573,81.4427,116.672,0,1.81,19.5893,53.3893,3
14-03-2012 12:45,21.216,22.1907,19,445.248,475.051,42.4773,42.6587,81.3227,112.496,0,2.034,19.9793,53.2213,3
14-03-2012 13:00,21.6253,22.34,19,445.803,472.363,44.2933,43.472,81.2613,112.496,0,1.952,20.274,53.2027,3
14-03-2012 13:15,21.8947,22.4707,19,428.928,438.592,43.0907,43.312,81.3413,112.411,0,1.90133,20.5307,53.112,3
14-03-2012 13:30,22.1773,22.62,19.1333,436.117,445.824,43.2027,43.472,80.9227,112.581,0,2.008,20.88,53.008,3
14-03-2012 13:45,22.3373,22.624,19.7333,401.237,421.611,43.0427,43.6587,81.1013,94.976,0,2.08933,21.2107,52.6907,3
14-03-2012 14:00,22.4733,22.692,20,378.453,356.352,42.8373,43.6027,81.0827,82.88,0,1.63933,21.5027,52.288,3
14-03-2012 14:15,22.612,22.7347,20,352.171,306.848,43.0427,43.3333,64.8453,82.8,0,1.872,21.844,51.784,3
14-03-2012 14:30,22.7813,22.78,20,308.576,297.813,43.7227,43.2533,51.416,62.1467,0,1.82067,22.196,50.8,3
14-03-2012 14:45,22.912,22.816,20,292.971,276.523,43.672,43.1067,50.6347,52.5893,0,1.96067,22.3693,49.4987,3
14-03-2012 15:00,22.992,22.8213,20,277.387,260.256,43.4987,43.0213,41.9733,45.0453,0,1.782,22.32,48.1893,3
14-03-2012 15:15,23.088,22.808,20,263.808,248.853,43.064,42.8987,38.6867,39.6987,0,2.03067,22.136,46.432,3
14-03-2012 15:30,23.148,22.776,20,243.435,243.765,42.0827,42.624,31.0453,32.0533,0,1.84467,21.8853,45.1947,3
14-03-2012 15:45,23.164,22.7347,20,232.693,237.589,41.124,42.224,23.004,22.604,0,2.00933,21.5827,44.3787,3
14-03-2012 16:00,23.132,22.6907,19.8667,224.021,233.12,40.4133,41.952,20.8053,23.388,0,1.56,21.2467,44.2373,3
14-03-2012 16:15,23.128,22.608,19,219.52,229.899,39.9333,41.664,20.742,22.9467,0,1.636,20.9627,44.0347,3
14-03-2012 16:30,23.0627,22.5613,19,216.501,226.869,39.2667,41.5227,20.9027,23.1093,0,1.498,20.6947,43.544,3
14-03-2012 16:45,22.996,22.484,19,216.619,221.515,38.8173,41.48,20.6607,22.9813,0,1.782,20.4427,43.4693,3
14-03-2012 17:00,22.9333,22.3867,19,213.557,219.349,38.384,41.0613,20.562,23.144,0,1.246,20.1167,43.048,3
14-03-2012 17:15,22.8213,22.2987,19,211.445,217.483,37.8173,40.8947,20.822,22.604,0,1.578,19.8167,43.36,3
14-03-2012 17:30,22.716,22.1787,18.8,210.795,215.936,37.912,40.776,20.9213,22.9467,0,1.254,19.5533,44.864,3
14-03-2012 17:45,22.5893,22.064,18.2667,209.877,214.325,39.0733,40.9387,20.6607,22.7027,0,1.41867,19.3293,48.3867,3
14-03-2012 18:00,22.484,21.952,18,209.483,212.544,40.848,41.44,11.328,22.0213,0,0.780667,19.1287,51.8347,3
14-03-2012 18:15,22.3813,21.8613,18,210.315,213.035,42.32,42.048,11.328,13.46,0,0.650667,18.9267,54.5067,3
14-03-2012 18:30,22.2627,21.74,17.3333,209.984,211.371,43.6133,42.7947,11.622,12.8587,0,1.11733,18.7113,56.8587,3
14-03-2012 18:45,22.156,21.624,16,210.101,210.581,44.5493,43.52,11.23,13.1993,0,0.821333,18.4533,58.408,3
14-03-2012 19:00,22.044,21.496,16,210.304,210.507,45.2853,44.056,11.426,12.94,0,0.563333,18.2053,59.5707,3
14-03-2012 19:15,21.92,21.3867,16,209.835,210.187,45.816,44.496,11.6053,13.004,0,0.08,17.9927,60.184,3
14-03-2012 19:30,21.82,21.2507,16,210.581,210.805,46.2747,44.944,11.328,13.3787,0,0.052,17.7647,61.1787,3
14-03-2012 19:45,21.6973,21.1293,14.5333,209.835,211.136,46.184,45.056,11.6867,13.2813,0,0.564,17.5673,62.488,3
14-03-2012 20:00,21.5627,21.028,14,209.728,210.496,46.9147,45.6667,11.3447,13.004,0,0,17.3913,62.7653,3
14-03-2012 20:15,21.4453,20.896,14,210.101,211.723,47.2987,45.8693,11.426,13.0213,0,0,17.2,63.056,3
14-03-2012 20:30,21.304,20.816,14,210.016,211.019,47.3067,46.0667,11.6867,13.1833,0,0,16.996,62.96,3
14-03-2012 20:45,21.18,20.6813,14,210.4,211.616,45.8533,45.4533,11.328,12.94,0,0.48,16.8393,64.6267,3
14-03-2012 21:00,21.04,20.572,12.5333,210.507,212.48,45.2,45.488,11.524,13.2967,0,0.783333,16.684,65.1147,3
14-03-2012 21:15,20.8987,20.4173,12,211.072,214.091,44.824,45.5253,11.6867,13.184,0,0.986667,16.514,65.7627,3
14-03-2012 21:30,20.7747,20.308,12,211.264,213.749,44.8347,45.6133,11.426,12.5167,0,0.576,16.3467,65.6587,3
14-03-2012 21:45,20.652,20.1407,12,212.085,214.261,45.8827,46.232,11.6867,13.3627,0,0.218,16.166,65.2187,3
14-03-2012 22:00,20.532,19.9987,12,212.384,214.229,46.352,46.4693,11.6053,12.8587,0,0.0386667,16.0053,65.2773,3
14-03-2012 22:15,20.4067,19.9033,12,211.733,213.739,46.5333,46.752,11.426,13.6067,0,0,15.8253,65.1707,3
14-03-2012 22:30,20.264,19.7833,12,212.235,214.496,45.9653,46.5893,11.6053,13.1027,0,0,15.6493,65.072,3
14-03-2012 22:45,20.136,19.658,11.4667,212.064,214.357,45.736,46.8933,11.426,13.184,0,0,15.4293,64.3813,3
14-03-2012 23:00,20.0227,19.52,11,212.32,214.432,44.936,46.7413,11.524,13.0213,0,0,15.0953,63.3573,3
14-03-2012 23:15,19.866,19.4027,10.0667,212.651,215.979,44.2427,46.4053,11.6867,12.842,0,0,14.9067,64.584,3
14-03-2012 23:30,19.7607,19.3573,9.66667,212.96,215.787,43.3253,45.7573,11.6053,13.444,0,0,14.7893,64.9653,3
14-03-2012 23:45,19.8147,19.5787,9,213.205,215.125,41.4853,45,11.7033,13.0207,0,0,14.66,64.7307,3
15-03-2012 00:00,19.8147,19.672,9,212.683,216.309,41.104,44.64,11.4427,13.2653,0,0,14.4187,64.304,3
15-03-2012 00:15,19.7553,19.7,9,212.907,217.44,40.976,44.256,11.4427,12.9393,0,0,14.208,63.7627,4
15-03-2012 00:30,19.6867,19.7033,9,213.845,217.568,40.896,43.9893,11.6867,13.3467,0,0,13.9453,63.152,4
15-03-2012 00:45,19.5833,19.684,9,214.667,218.891,40.816,43.752,11.6053,12.94,0,0.036,13.6507,62.3547,4
15-03-2012 01:00,19.482,19.648,8.66667,215.915,220.672,40.7413,43.5173,11.524,13.8173,0,0.426,13.3473,61.8907,4
15-03-2012 01:15,19.3353,19.55,8,216.821,219.328,40.7107,43.2747,11.7033,13.704,0,1.09733,13.1267,61.864,4
15-03-2012 01:30,19.2267,19.4333,8,216.715,217.259,40.66,43.2133,11.6053,13.3467,0,0.420667,12.918,65.3653,4
15-03-2012 01:45,19.1367,19.382,8.53333,215.851,215.157,40.596,43.272,11.7033,13.3467,0,0.326,12.76,68.5467,4
15-03-2012 02:00,19.05,19.3153,9,214.56,214.048,40.5893,43.424,11.524,13.2653,0,0.036,12.668,69.3893,4
15-03-2012 02:15,18.9727,19.3,8.06667,213.312,213.045,40.5733,43.5573,11.524,12.452,0,0,12.6267,69.824,4
15-03-2012 02:30,18.8867,19.2733,8,212.075,212.021,40.592,43.5893,11.524,14.3213,0,0.0386667,12.6133,69.8427,4
15-03-2012 02:45,18.8027,19.2267,7.86667,212.224,213.429,40.64,43.5947,11.6867,13.7533,0,0.529333,12.6033,70.5147,4
15-03-2012 03:00,18.7287,19.1367,7.33333,211.701,213.589,40.656,43.712,11.7847,13.2653,0,0.106,12.5907,70.3573,4
15-03-2012 03:15,18.6713,19.13,8,211.659,213.685,40.68,44.0027,11.6053,13.5093,0,0,12.5907,70.4267,4
15-03-2012 03:30,18.6047,19.1133,7.6,210.923,213.493,40.712,44.0053,11.6867,13.5907,0,0.182,12.5933,70.8453,4
15-03-2012 03:45,18.5513,19.0867,6,210.987,214.496,40.748,44.1227,11.7847,13.5907,0,0.163333,12.59,70.4533,4
15-03-2012 04:00,18.5067,19.06,6.06667,211.968,213.867,40.848,44.2213,11.4427,13.1673,0,0.108667,12.5873,70.7333,4
15-03-2012 04:15,18.4533,19.048,6.8,212.064,214.741,40.92,44.3787,11.6867,13.5907,0,0,12.5967,70.4453,4
15-03-2012 04:30,18.4007,19.004,6.53333,212.576,214.4,41.0053,44.592,11.6867,12.842,0,0,12.6067,70.712,4
15-03-2012 04:45,18.3567,19,6,212.245,214.208,41.048,44.7627,11.768,13.3467,0,0,12.6367,70.5333,4
15-03-2012 05:00,18.33,19,5.46667,211.904,213.856,41.1387,45.0133,11.6867,13.672,0,0.209333,12.668,70.8507,4
15-03-2012 05:15,18.2827,18.99,5,211.883,212.789,41.2027,45.0293,11.72,13.7533,0,0.226,12.638,71.7493,4
15-03-2012 05:30,18.2267,18.9447,5.53333,211.008,212.512,41.232,45.1093,11.5887,13.672,0,0,12.522,71.92,4
15-03-2012 05:45,18.1393,18.9207,6,211.211,212.075,41.288,44.8453,11.7033,13.428,0,0.222,12.3907,71.6027,4
15-03-2012 06:00,18.068,18.8607,5.66667,211.584,214.101,41.392,44.9573,11.4427,11.7033,0,0,12.2227,71.28,4
15-03-2012 06:15,18.0233,18.7953,5,211.584,215.264,41.408,45.048,11.622,12.1747,0,0,12.0147,70.9653,4
15-03-2012 06:30,17.956,18.7267,5,212.149,216.555,41.4213,45.0213,11.524,20.1,0,0,11.7967,70.4773,4
15-03-2012 06:45,17.8847,18.672,4.86667,211.936,217.984,41.4347,44.9733,21.0847,21.3267,0,0,11.5727,70.1413,4
15-03-2012 07:00,17.83,18.6067,4,213.707,221.28,41.4213,44.8293,20.9853,23.0627,0,0.036,11.4327,69.5067,4
15-03-2012 07:15,17.7513,18.54,4,216.117,223.584,41.4053,44.584,21.3927,23.44,0,0.135333,11.3953,69.0933,4
15-03-2012 07:30,17.7287,18.5,4,217.141,225.344,41.4933,44.4933,21.2467,23.44,0,0.044,11.4167,68.5787,4
15-03-2012 07:45,17.7133,18.496,5.46667,217.813,225.152,41.5413,44.352,21.5067,26.7387,0,0.134667,11.508,68.2907,4
15-03-2012 08:00,17.7133,18.52,6,218.72,223.115,41.528,44.144,21.1487,38.1893,0,0.202667,11.6473,68.1093,4
15-03-2012 08:15,17.708,18.4907,6.53333,218.763,219.723,41.6453,43.9013,22.548,48.6293,0,0.274667,11.7813,67.4933,4
15-03-2012 08:30,17.596,18.1873,7,218.4,221.269,42,44.4027,31.208,67.4533,0,0.736667,11.93,66.8533,4
15-03-2012 08:45,17.5847,18.0307,8.33333,218.624,221.365,42.088,44.856,38.248,83.36,0,1.09467,12.142,65.648,4
15-03-2012 09:00,17.622,18.04,9.4,218.347,221.291,42.2347,45.0053,41.3373,101.317,0,0.828,12.3787,65.1947,4
15-03-2012 09:15,17.704,18.036,12,218.528,220.48,42.3227,45.0053,46.144,112.837,0,0.918667,12.644,64.7307,4
15-03-2012 09:30,17.82,18.0753,12,218.987,219.925,42.3813,45.0507,50.7707,110.917,0,0.663333,12.988,63.672,4
15-03-2012 09:45,17.918,18.166,12,218.197,217.376,42.3973,45.104,50.952,104.853,0,1.51933,13.3487,63.792,4
15-03-2012 10:00,18.0507,18.204,12.5333,217.301,216.427,42.5067,45.4587,56.6067,99.504,0,1.15467,13.6793,64.4,4
15-03-2012 10:15,18.222,18.316,13,217.408,215.243,42.5867,45.6427,75.1173,119.173,0,1.27067,14.006,64.264,4
15-03-2012 10:30,18.3893,18.4647,13.5333,216.555,214.443,42.4907,45.512,81.4827,115.237,0,1.62067,14.3727,64.024,4
15-03-2012 10:45,18.58,18.6193,14,215.989,214.219,42.464,45.3813,81.3227,121.429,0,1.35267,14.7233,63.7493,4
15-03-2012 11:00,18.7587,18.7947,14,215.093,213.312,42.416,45.3013,81.76,129.253,0,1.58267,15.002,63.4907,4
15-03-2012 11:15,18.962,18.9613,14.9333,214.827,213.6,42.456,45.1173,81.2427,139.237,0,1.31133,15.326,63.16,4
15-03-2012 11:30,19.164,19.1713,15,214.261,214.539,42.48,44.9867,81.4053,128.757,0,1.60533,15.6967,62.84,4
15-03-2012 11:45,19.378,19.3553,15,214.261,213.589,42.472,44.8667,81.3413,122.939,0,1.682,16.0347,62.488,4
15-03-2012 12:00,19.59,19.532,15.5333,215.019,214.72,42.4933,44.84,94.9867,138.197,0,1.63133,16.4073,62.128,4
15-03-2012 12:15,19.7993,19.724,16,214.731,214.421,42.4773,44.8213,97.3973,134.373,0,1.81733,16.7633,61.8933,4
15-03-2012 12:30,19.9867,19.9,16,214.837,214.955,42.5067,44.824,83.2453,113.851,0,1.88467,17.0687,61.6107,4
15-03-2012 12:45,20.1427,20.0133,16,215.275,213.099,42.6213,44.8853,81.1627,112.752,0,2.14067,17.32,61.2667,4
15-03-2012 13:00,20.324,20.1993,16.3333,214.88,213.739,42.7093,44.9307,81.5013,113.008,0,2.348,17.632,60.752,4
15-03-2012 13:15,20.5067,20.352,17,214.709,213.109,42.8053,45.0027,81.184,112.453,0,2.004,17.9767,60.0293,4
15-03-2012 13:30,20.6693,20.476,17,215.008,212.736,42.9707,45.096,81.0027,110.219,0,2.19867,18.2567,59.336,4
15-03-2012 13:45,20.836,20.5773,17,214.933,212.661,43.1547,45.2,80.96,95.136,0,1.92667,18.5607,58.936,4
15-03-2012 14:00,20.972,20.644,17,214.539,211.328,43.4373,45.344,81.264,82.88,0,2.75067,18.848,58.5147,4
15-03-2012 14:15,21.0907,20.7027,17,214.293,210.048,43.832,45.4773,58.5307,81.2,0,2.52467,19.0727,58.0613,4
15-03-2012 14:30,21.232,20.744,17,212.576,209.856,44.224,45.6347,49.4,57.44,0,2.56867,19.2747,58.0507,4
15-03-2012 14:45,21.3573,20.8133,17,212.277,209.632,44.7093,45.768,46.5987,51.184,0,2.466,19.34,58.32,4
15-03-2012 15:00,21.44,20.844,16.4667,211.893,209.504,45.1173,45.976,36.768,42.8773,0,2.74533,19.2907,58.6,4
15-03-2012 15:15,21.508,20.8107,16,210.4,208.992,45.64,46.184,33.9387,41.56,0,2.25333,19.1147,58.9253,4
15-03-2012 15:30,21.5493,20.8187,16,208.885,208.587,45.9973,46.352,29.7427,38.076,0,2.498,18.9587,59.2533,4
15-03-2012 15:45,21.5587,20.8373,16,208.181,207.723,46.184,46.5627,31.224,32.6707,0,1.97133,18.764,59.5787,4
15-03-2012 16:00,21.584,20.8347,16,207.104,207.733,46.3813,46.8133,22.2067,27.9253,0,2.032,18.6033,59.9013,4
15-03-2012 16:15,21.5627,20.8013,15.2667,206.901,208.096,46.4987,47.008,20.8227,23.3413,0,1.89933,18.4393,60.2,4
15-03-2012 16:30,21.544,20.792,15,205.621,207.723,46.5173,47.2453,20.4807,23.44,0,1.94733,18.2627,60.304,4
15-03-2012 16:45,21.508,20.732,15,205.493,207.552,46.568,47.5253,20.9213,22.6667,0,1.382,18.098,60.4747,4
15-03-2012 17:00,21.436,20.676,15,205.781,207.883,46.6747,47.6827,20.6433,23.44,0,1.56467,17.9173,60.8907,4
15-03-2012 17:15,21.3613,20.628,15,205.92,208,46.8347,47.76,20.7413,22.8827,0,1.77333,17.6773,61.608,4
15-03-2012 17:30,21.2613,20.5493,15,205.835,207.979,47.0907,47.7947,20.8227,23.0747,0,1.622,17.472,62.4133,4
15-03-2012 17:45,21.164,20.454,15,204.544,207.36,47.3227,47.9973,19.6207,23.5213,0,0.963333,17.2827,62.8773,4
15-03-2012 18:00,21.0627,20.36,15,206.037,207.861,47.6053,48.2587,11.524,21.3227,0,0.844,17.1053,63.6533,4
15-03-2012 18:15,20.9653,20.2733,14.2667,205.195,208.277,47.9627,48.392,11.5073,12.598,0,0.931333,16.9207,64.456,4
15-03-2012 18:30,20.844,20.1627,14,206.091,208.043,48.2773,48.64,11.328,14.2893,0,0.908667,16.7213,65.064,4
15-03-2012 18:45,20.7307,20.0473,14,206.229,208.203,48.56,48.8453,11.524,13.1027,0,0.358,16.4993,65.5947,4
15-03-2012 19:00,20.62,19.9367,13.4667,205.92,208.523,48.728,48.9307,11.328,13.1027,0,0.114667,16.318,66.0533,4
15-03-2012 19:15,20.512,19.856,13,207.061,208.181,48.912,49.0907,11.6053,12.7773,0,0.106667,16.138,66.6827,4
15-03-2012 19:30,20.3933,19.7567,13,205.813,208.629,49.1013,49.2693,11.426,14.3867,0,0.036,15.9873,66.9307,4
15-03-2012 19:45,20.278,19.6433,13,207.115,209.44,49.1893,49.288,11.524,13.2653,0,0,15.8333,67.1573,4
15-03-2012 20:00,20.172,19.52,13,206.848,208.992,49.1973,49.4,11.6867,12.94,0,0.036,15.6733,67.52,4
15-03-2012 20:15,20.0567,19.4367,13,206.805,208.885,49.232,49.4747,11.5407,12.2727,0,0.124,15.54,68.0933,4
15-03-2012 20:30,19.9253,19.338,13,207.232,209.152,48.9893,49.488,11.6053,13.6227,0,0.277333,15.404,68.9067,4
15-03-2012 20:45,19.812,19.22,13,206.624,209.024,48.9707,49.52,11.524,13.0213,0,0.196667,15.272,69.2613,4
15-03-2012 21:00,19.692,19.1167,12.8667,206.944,209.013,48.984,49.616,11.5407,12.9553,0,0,15.1407,69.4133,4
15-03-2012 21:15,19.5873,18.9793,12.4,207.147,209.44,48.9733,49.7653,11.524,13.1027,0,0.0773333,15.0093,69.4987,4
15-03-2012 21:30,19.46,18.8913,12,206.784,209.696,48.6373,49.744,11.6053,13.0213,0,0.127333,14.8713,69.504,4
15-03-2012 21:45,19.342,18.7913,12,207.339,211.488,48.3307,49.7467,11.524,11.5073,0,0.0746667,14.75,69.24,4
15-03-2012 22:00,19.2353,18.6867,11.3333,207.851,213.216,48.1013,49.688,11.524,13.8493,0,0.0726667,14.5993,69.008,4
15-03-2012 22:15,19.1,18.58,10,208.149,213.568,47.92,49.6933,11.7847,13.8013,0,0.052,14.4087,68.7973,4
15-03-2012 22:30,18.9687,18.44,9.73333,210.069,214.837,47.344,49.576,11.6053,13.5907,0,0.044,14.234,68.8453,4
15-03-2012 22:45,18.8733,18.3333,9,210.432,213.824,47.6373,49.7333,11.4427,12.4993,0,0,14.0847,68.7707,4
15-03-2012 23:00,18.7487,18.2247,8.93333,210.656,213.163,47.6213,49.792,11.524,13.736,0,0,13.9373,68.7387,4
15-03-2012 23:15,18.6267,18.0773,8.06667,210.72,214.251,46.968,49.6747,11.6867,13.3467,0,0.233333,13.77,68.896,4
15-03-2012 23:30,18.5293,17.98,8,210.603,213.856,47.0987,49.7893,11.6053,13.5907,0,0,13.63,68.4053,4
15-03-2012 23:45,18.4027,17.862,8,210.848,213.579,46.7173,49.752,11.524,13.378,0,0,13.4147,68.0667,4
16-03-2012 00:00,18.2813,17.766,8,211.104,214.72,46.272,49.68,11.5887,13.3627,0,0,13.212,67.68,4
16-03-2012 00:15,18.1533,17.6153,8,211.211,214.176,46.168,49.6,11.866,13.184,0,0,13.0447,67.6347,5
16-03-2012 00:30,18.0213,17.516,8,212.181,215.435,46.3547,49.5813,11.524,13.5093,0,0,12.864,68.024,5
16-03-2012 00:45,17.8933,17.42,8,212,215.115,46.104,49.5573,11.4427,12.7927,0,0,12.74,67.768,5
16-03-2012 01:00,17.7953,17.312,8,211.947,215.328,46.0133,49.5333,11.426,14.1267,0,0,12.6067,67.4987,5
16-03-2012 01:15,17.67,17.1813,8,213.024,216.725,45.912,49.504,11.6867,13.5907,0,0,12.4273,67.216,5
16-03-2012 01:30,17.5487,17.0573,8,212.587,216,45.768,49.4187,11.6053,13.428,0,0,12.294,66.544,5
16-03-2012 01:45,17.4327,16.9153,7.06667,212.651,214.496,45.464,49.36,11.7847,13.5093,0,0.113333,12.1653,65.6107,5
16-03-2012 02:00,17.3387,16.78,7,211.659,213.451,45.2187,49.2747,11.5073,13.5093,0,0,12.0033,65.032,5
16-03-2012 02:15,17.1967,16.6573,7,210.379,212.096,45.2693,49.2507,11.964,13.184,0,0,11.836,64.5467,5
16-03-2012 02:30,17.072,16.53,6.26667,210.165,211.477,45.128,49.1707,11.524,13.428,0,0,11.6933,64.2693,5
16-03-2012 02:45,16.9487,16.384,6,209.621,211.584,44.968,49.0347,11.6867,13.8347,0,0,11.5667,63.6053,5
16-03-2012 03:00,16.8467,16.29,6,208.885,210.336,44.9173,48.8267,11.6053,13.5093,0,0,11.4373,62.8187,5
16-03-2012 03:15,16.726,16.1487,6,208.747,210.048,44.7147,48.7893,11.622,13.672,0,0,11.2773,62.4693,5
16-03-2012 03:30,16.5987,16.032,6,207.456,209.856,44.6827,48.752,11.6867,13.428,0,0,11.0967,62.2507,5
16-03-2012 03:45,16.4673,15.9367,6,207.008,209.28,44.5253,48.7013,11.7033,13.5907,0,0,10.97,61.8213,5
16-03-2012 04:00,16.3527,15.8313,6,207.573,209.76,44.4773,48.488,11.524,13.5907,0,0,10.876,61.5733,5
16-03-2012 04:15,16.214,15.7127,6,206.347,209.6,44.4373,48.4453,11.768,13.8507,0,0.0933333,10.696,61.4933,5
16-03-2012 04:30,16.1107,15.5847,5.46667,206.091,209.248,44.3653,48.3787,11.622,15.1333,0,0,10.58,61.3627,5
16-03-2012 04:45,16,15.4687,5,206.325,209.024,44.3253,48.32,11.6867,12.8253,0,0,10.4827,61.1493,5
16-03-2012 05:00,15.862,15.3593,5.73333,205.653,208.768,44.3147,48.2267,11.7033,12.94,0,0,10.4233,60.824,5
16-03-2012 05:15,15.756,15.212,6,205.803,209.216,44.288,48.0747,11.6867,13.9973,0,0,10.3267,60.8773,5
16-03-2012 05:30,15.6367,15.12,6,205.643,209.6,44.28,48.1467,11.622,14.5973,0,0,10.16,61.0667,5
16-03-2012 05:45,15.5093,14.9953,6,206.347,210.581,44.2827,48.1387,11.7033,13.5413,0,0,9.98333,61.2773,5
16-03-2012 06:00,15.392,14.8627,6,207.392,210.731,44.28,48.1387,11.5073,13.5907,0,0.228,9.94,61.248,5
16-03-2012 06:15,15.294,14.7667,5.46667,207.445,210.667,44.2827,47.944,11.7847,13.964,0,0,9.90933,61.192,5
16-03-2012 06:30,15.19,14.6507,5,207.531,211.072,44.2853,47.8453,12.808,20.9973,0,0,9.834,61.2347,5
16-03-2012 06:45,15.0973,14.556,5,207.808,211.168,44.2827,47.8373,21.148,23.388,0,0,9.79667,61.3147,5
16-03-2012 07:00,15,14.458,5,207.403,211.381,44.272,47.8,21.264,23.3413,0,0.0493333,9.82,61.5253,5
16-03-2012 07:15,14.916,14.41,5,207.947,211.893,44.2267,47.752,21.2473,23.3707,0,0.189333,9.91467,61.6267,5
16-03-2012 07:30,14.8547,14.342,5.4,208.309,212.043,44.2427,47.664,20.9853,23.5213,0,0.282,10.028,61.568,5
16-03-2012 07:45,14.8233,14.3067,5.73333,208.672,212.128,44.3253,47.576,21.3267,26.7693,0,0,10.19,61.096,5
16-03-2012 08:00,14.83,14.2733,6.66667,209.013,211.904,44.424,47.3653,21.4913,39.3893,0,0.0413333,10.4513,60.4453,5
16-03-2012 08:15,14.8587,14.2967,8,208.821,211.733,44.4693,47.1413,21.148,48.5493,0,0,10.8173,60.2133,5
16-03-2012 08:30,14.9367,14.3753,8.73333,208.544,210.539,44.488,46.856,31.224,67.352,0,0.254,11.1913,60.4853,5
16-03-2012 08:45,15.0327,14.472,9,208.971,210.976,44.456,46.4667,37.8893,83.4613,0,0.350667,11.604,60.9333,5
16-03-2012 09:00,15.1393,14.594,9,208.928,210.837,44.3947,46.16,41.516,105.659,0,0.372,12.0213,61.392,5
16-03-2012 09:15,15.2927,14.7667,10.0667,209.493,211.104,44.36,45.8933,47.432,113.083,0,0.467333,12.458,61.8773,5
16-03-2012 09:30,15.464,14.9827,11.2667,209.397,210.72,44.1733,45.632,51.736,113.237,0,0.160667,12.9287,62.0853,5
16-03-2012 09:45,15.6707,15.1887,12.6,209.845,210.293,44.0053,45.4213,51.6693,113.419,0,0.484667,13.398,61.856,5
16-03-2012 10:00,15.9227,15.438,13.3333,209.781,210.976,43.832,45.368,60.416,115.515,0,1.05733,13.8253,61.7013,5
16-03-2012 10:15,16.1753,15.684,14,209.781,211.157,43.7387,45.384,81.7413,120.912,0,0.958667,14.2833,61.672,5
16-03-2012 10:30,16.424,15.9567,14.5333,209.952,211.157,43.7333,45.4133,81.4827,138.779,0,1.47733,14.73,61.1787,5
16-03-2012 10:45,16.724,16.244,15,210.453,211.435,43.752,45.5093,81.7413,143.04,0,1.452,15.1693,60.432,5
16-03-2012 11:00,16.9613,16.558,15,210.859,210.837,43.7707,45.552,81.6427,142.608,0,2.028,15.5953,60.2453,5
16-03-2012 11:15,17.2313,16.844,15,210.965,211.893,43.816,45.6187,81.6613,142.368,0,2.02,15.944,60.0373,5
16-03-2012 11:30,17.484,17.142,15,211.733,211.435,43.92,45.7893,81.6613,142.688,0,2.04867,16.312,60.2213,5
16-03-2012 11:45,17.7447,17.4187,15,212.203,212.213,43.9893,45.9973,81.6827,143.008,0,2.406,16.6567,60.512,5
16-03-2012 12:00,18.0153,17.682,15,212.384,211.861,44.1227,46.1947,88.0853,142.107,0,2.156,16.974,60.7653,5
16-03-2012 12:15,18.292,17.952,15,212.384,211.147,44.176,46.408,90.3387,138.928,0,2.64067,17.2327,61.144,5
16-03-2012 12:30,18.546,18.166,15,211.925,209.92,44.2853,46.5307,81.5013,115.072,0,2.10133,17.5573,60.7253,5
16-03-2012 12:45,18.7927,18.4153,15,211.957,209.792,44.376,46.6587,81.5813,112.533,0,1.922,17.8987,60.464,5
16-03-2012 13:00,18.9967,18.6153,15,211.84,208.704,44.3093,46.6773,81.1627,113.173,0,2.272,18.2307,59.7813,5
16-03-2012 13:15,19.23,18.7973,15,211.307,208.395,44.3813,46.904,81.3413,112.992,0,2.64,18.5387,58.832,5
16-03-2012 13:30,19.4493,19.002,15,210.464,208,44.6533,47.0267,81.184,112.645,0,2.50533,18.8593,58.4213,5
16-03-2012 13:45,19.6587,19.1847,15,210.667,208.053,44.784,47.176,81.1813,100.581,0,2.738,19.236,58.56,5
16-03-2012 14:00,19.8467,19.3053,15,210.251,207.531,45.088,47.4027,81.2427,83.28,0,2.68733,19.5153,58.3947,5
16-03-2012 14:15,20.0373,19.4547,15,209.664,207.328,45.4507,47.568,63.3147,83.4507,0,2.524,19.8027,57.88,5
16-03-2012 14:30,20.2107,19.59,15,209.067,207.936,45.856,47.7253,50.9813,60.816,0,2.21467,20.034,57.288,5
16-03-2012 14:45,20.3667,19.694,15,208.629,207.488,46.1733,47.9973,50.4427,53.6107,0,2.59067,20.17,56.1573,5
16-03-2012 15:00,20.5007,19.7767,15,209.355,205.611,46.496,48.264,41.256,47.152,0,3.09733,20.1833,54.7787,5
16-03-2012 15:15,20.612,19.8,15,208.501,205.493,46.6933,48.4133,40.1507,41.6573,0,2.55467,20.034,53.4827,5
16-03-2012 15:30,20.7027,19.8373,15,206.912,206.176,46.4853,48.4,31.224,32.6547,0,2.976,19.8593,52.4267,5
16-03-2012 15:45,20.7467,19.894,15,206.763,206.389,45.9813,48.472,22.842,24.6427,0,2.336,19.6267,52.544,5
16-03-2012 16:00,20.7973,19.92,15,205.771,205.685,45.6027,48.632,20.742,22.604,0,2.448,19.4107,52.7947,5
16-03-2012 16:15,20.804,19.93,15,206.059,205.749,45.3867,48.6373,20.984,24.5293,0,2.234,19.1507,52.4,5
16-03-2012 16:30,20.808,19.8893,15,204.117,205.013,45.064,48.6827,20.5793,23.44,0,2.252,18.8853,52.9867,5
16-03-2012 16:45,20.7547,19.886,15,203.403,205.045,45.0853,48.616,20.904,22.604,0,2.33333,18.6693,53.6533,5
16-03-2012 17:00,20.7147,19.8467,15,203.221,205.013,45.3173,48.6373,20.7407,23.748,0,2.186,18.4633,54.2827,5
16-03-2012 17:15,20.6627,19.7767,15,202.56,204.544,45.5573,48.504,20.6607,23.44,0,2.188,18.2353,55.1893,5
16-03-2012 17:30,20.5747,19.7467,15,202.283,205.44,45.768,48.5627,20.922,22.8013,0,1.60667,18.008,55.5547,5
16-03-2012 17:45,20.5133,19.684,15,202.976,205.525,45.976,48.5253,20.1407,23.9093,0,1.02733,17.8093,56.3173,5
16-03-2012 18:00,20.43,19.6,15,203.189,205.397,46.352,48.7467,11.426,21.4213,0,1.38733,17.6353,57.8533,5
16-03-2012 18:15,20.3293,19.542,15,202.645,205.6,46.9973,49.048,11.866,13.2807,0,1.17333,17.4607,60.28,5
16-03-2012 18:30,20.2373,19.4533,15,202.784,205.408,47.552,49.2453,11.4427,14.24,0,0.287333,17.304,61.3787,5
16-03-2012 18:45,20.166,19.3887,15,203.317,205.323,48.128,49.5893,11.524,13.3627,0,0.41,17.1513,62.1067,5
16-03-2012 19:00,20.0807,19.328,15,203.296,206.272,48.5227,49.9173,11.622,12.696,0,0,16.98,62.6507,5
16-03-2012 19:15,19.9993,19.2867,15,203.168,206.624,48.7547,50.1147,11.5887,13.8507,0,0,16.8487,62.912,5
16-03-2012 19:30,19.9007,19.184,15,203.915,206.592,48.968,50.2453,11.6053,13.184,0,0.0933333,16.6807,62.8693,5
16-03-2012 19:45,19.8167,19.1367,15,203.968,206.112,49.0773,50.3467,11.4427,12.5813,0,0,16.532,62.7893,5
16-03-2012 20:00,19.732,19.0647,15,203.776,207.403,49.2347,50.4187,11.5073,13.6227,0,0,16.3867,62.9733,5
16-03-2012 20:15,19.6387,18.9627,15,205.632,208.053,49.3653,50.5067,11.7033,13.1027,0,0.116,16.2753,63.0373,5
16-03-2012 20:30,19.554,18.896,15,205.237,207.989,49.088,50.3493,11.524,13.428,0,0.904667,16.144,62.8747,5
16-03-2012 20:45,19.4633,18.8153,15,204.512,208.619,48.6773,50.1733,11.524,12.5167,0,1.21533,15.9653,60.936,5
16-03-2012 21:00,19.35,18.7227,15,205.397,209.184,48.3333,50.1227,11.524,14.8733,0,0.609333,15.746,60.1547,5
16-03-2012 21:15,19.2593,18.6173,15,206.464,209.088,48.1173,50.0453,11.7033,13.2653,0,0.158,15.546,60.2187,5
16-03-2012 21:30,19.162,18.52,15,206.699,208.48,48,49.928,11.6867,13.3467,0,0,15.364,60.336,5
16-03-2012 21:45,19.046,18.4573,15,206.517,208.757,47.8933,49.8053,11.622,13.2,0,0.0986667,15.1487,60.6667,5
16-03-2012 22:00,18.954,18.3593,15,207.467,209.536,47.8213,49.7253,11.6053,13.8827,0,0.168667,14.9427,61.0987,5
16-03-2012 22:15,18.8467,18.232,15,207.808,209.728,47.9173,49.688,11.7847,13.428,0,0.108667,14.7953,61.4773,5
16-03-2012 22:30,18.7407,18.1647,15,207.744,210.059,47.9253,49.6347,11.4427,13.2653,0,0,14.696,61.6667,5
16-03-2012 22:45,18.6447,18.0867,15,208.107,211.232,47.5653,49.6027,11.6053,13.3453,0,0.139333,14.5747,61.7653,5
16-03-2012 23:00,18.5533,17.9947,15,207.84,211.616,47.2747,49.5547,11.6867,14.1427,0,0.308667,14.468,61.912,5
16-03-2012 23:15,18.4487,17.8553,15,208.256,210.688,47.512,49.5627,11.6053,13.184,0,0.0746667,14.322,61.84,5
16-03-2012 23:30,18.336,17.8007,15,208.907,211.755,47.5413,49.5547,11.524,12.4187,0,0,14.184,62.2853,5
16-03-2012 23:45,18.2307,17.7053,15,208.523,210.56,47.5227,49.56,11.7847,11.6053,0,0.0906667,14.046,62.664,5
17-03-2012 00:00,18.1367,17.6067,15,208.107,209.728,47.6267,49.5627,11.6053,13.4433,0,0,13.9547,62.8453,5
17-03-2012 00:15,18.0273,17.508,15,208.181,209.76,47.3493,49.5627,11.524,13.5907,0,0,13.8393,62.9493,6
17-03-2012 00:30,17.912,17.4033,15,207.797,209.664,47.2507,49.5653,11.6053,13.3467,0,0,13.6747,63.3387,6
17-03-2012 00:45,17.8267,17.3527,15,207.541,210.08,47.0373,49.5627,11.524,13.7533,0,0,13.536,63.512,6
17-03-2012 01:00,17.73,17.2427,15,208.032,210.368,47.28,49.568,11.866,13.428,0,0.259333,13.412,63.9253,6
17-03-2012 01:15,17.6147,17.1433,15,208.309,210.955,47.1307,49.584,11.5073,13.5907,0,0,13.25,64.3147,6
17-03-2012 01:30,17.522,17.054,15,208.416,211.541,47.0053,49.5947,11.524,13.3467,0,0,13.0887,64.6,6
17-03-2012 01:45,17.4207,16.9433,15,209.76,212.395,46.8293,49.608,11.6053,13.5093,0,0.0746667,12.914,64.744,6
17-03-2012 02:00,17.3353,16.8427,15,209.867,214.421,46.9333,49.6133,11.6867,13.428,0,0,12.7713,64.928,6
17-03-2012 02:15,17.2207,16.722,15,210.432,214.176,46.9733,49.6293,11.3447,13.5907,0,0.0493333,12.6493,65.0453,6
17-03-2012 02:30,17.1087,16.6233,15,210.741,212.331,46.368,49.6267,11.622,13.672,0,0.325333,12.56,64.88,6
17-03-2012 02:45,17.0033,16.53,15,211.104,214.976,46.5947,49.6293,11.768,13.964,0,0,12.3647,65.1867,6
17-03-2012 03:00,16.9047,16.4233,15,210.709,214.699,46.68,49.6507,11.7847,14.5,0,0.332,12.1907,65.528,6
17-03-2012 03:15,16.8193,16.326,15,211.893,212.715,46.68,49.6933,11.4427,12.0287,0,0.129333,12.07,65.6533,6
17-03-2012 03:30,16.7153,16.2247,15,211.179,212.512,46.8613,49.6507,11.6867,13.2653,0,0.861333,11.9433,65.8667,6
17-03-2012 03:45,16.5953,16.1033,15,210.069,211.349,46.9227,49.7173,11.524,13.428,0,0.524,11.846,66.088,6
17-03-2012 04:00,16.4847,15.9947,15,209.557,210.56,46.8827,49.7387,11.6053,13.5907,0,0.655333,11.7327,66.3627,6
17-03-2012 04:15,16.3653,15.9033,15,209.077,210.283,46.5227,49.7707,11.6053,14.192,0,0.290667,11.6447,66.088,6
17-03-2012 04:30,16.2653,15.8133,15,208.085,209.792,46.2027,49.7467,11.7033,13.736,0,0.268667,11.61,65.9893,6
17-03-2012 04:45,16.1733,15.7187,15,206.837,209.088,46.3147,49.784,11.5073,13.5413,0,0.119333,11.55,65.952,6
17-03-2012 05:00,16.0647,15.6307,15,207.019,208.928,46.072,49.7627,11.7033,13.5093,0,0.036,11.478,66.072,6
17-03-2012 05:15,15.962,15.5447,15,206.229,209.152,45.464,49.5973,11.7033,13.476,0,0.83,11.4633,66.736,6
17-03-2012 05:30,15.8787,15.4367,15,205.792,209.28,46.0533,49.784,11.768,13.184,0,0,11.4407,65.8907,6
17-03-2012 05:45,15.78,15.3247,15,205.984,208.971,46.048,49.7973,11.524,13.5093,0,0.106667,11.35,66.1333,6
17-03-2012 06:00,15.6987,15.26,15,205.739,209.739,45.9467,49.8293,11.6053,13.5907,0,0,11.2587,66.2373,6
17-03-2012 06:15,15.6027,15.1807,15,206.187,210.304,45.7573,49.8213,11.6867,14.2893,0,0,11.168,66.2667,6
17-03-2012 06:30,15.5007,15.074,15,205.963,209.856,45.7893,49.8107,14.2713,22.8013,0,0,11.0673,66.3413,6
17-03-2012 06:45,15.43,15.004,15,207.243,210.421,45.9573,49.848,20.8233,24.204,0,0,10.9833,66.24,6
17-03-2012 07:00,15.3713,14.9533,15,207.499,210.624,46.0907,49.832,21.066,22.7147,0,0,10.9873,65.768,6
17-03-2012 07:15,15.3433,14.8947,15,207.477,210.411,46.2613,49.752,20.9853,23.44,0,0,11.114,65.2347,6
17-03-2012 07:30,15.3007,14.868,15,207.595,210.645,46.3653,49.6373,21.166,23.4853,0,0.148,11.2873,64.2427,6
17-03-2012 07:45,15.2947,14.8333,15,207.712,210.443,46.6747,49.5973,21.1487,29.5333,0,0.452,11.5767,63.3787,6
17-03-2012 08:00,15.3207,14.856,15,208.053,210.08,46.7973,49.4053,21.3447,40.2707,0,1.41067,11.94,63.0133,6
17-03-2012 08:15,15.3673,14.8933,15,208.363,209.92,46.656,49.1253,22.6293,50.4693,0,1.40667,12.3293,62.9787,6
17-03-2012 08:30,15.4533,14.9893,15,207.349,208.757,46.6747,48.624,31.3053,73.44,0,1.52333,12.7533,63.0533,6
17-03-2012 08:45,15.5667,15.1233,15,207.712,208.725,46.744,48.2827,40.1347,87.376,0,1.534,13.218,62.912,6
17-03-2012 09:00,15.7193,15.3167,15,207.381,207.627,46.4907,47.9253,41.6773,113.147,0,1.78467,13.7633,62.672,6
17-03-2012 09:15,15.912,15.52,15,207.072,207.573,46,47.68,50.8747,113.509,0,1.64733,14.3407,62.0533,6
17-03-2012 09:30,16.1507,15.7787,15,206.923,207.648,45.7627,47.5067,51.6533,113.243,0,1.91667,14.9293,61.2187,6
17-03-2012 09:45,16.404,16.0433,15,206.453,207.52,45.6293,47.3547,51.6533,132.709,0,1.74533,15.5713,60.4507,6
17-03-2012 10:00,16.7087,16.3513,15,206.229,207.104,45.5253,47.1787,62.5813,142.443,0,2.32267,16.246,59.28,6
17-03-2012 10:15,17.0047,16.6787,15,205.589,207.061,45.48,47.168,81.5627,142.608,0,2.17733,16.936,57.7653,6
17-03-2012 10:30,17.3027,17.0093,15,205.355,206.763,45.432,47.0773,81.9413,142.8,0,1.88533,17.5153,57.1387,6
17-03-2012 10:45,17.6147,17.3733,15,204.821,206.155,45.488,47.0107,81.7227,142.352,0,2.11267,18.14,55.9973,6
17-03-2012 11:00,17.9253,17.7327,15,204.533,205.952,45.4133,46.8933,81.664,143.12,0,2.174,18.73,54.912,6
17-03-2012 11:15,18.2773,18.0813,15,203.477,205.643,45.2747,46.7067,81.2613,142.448,0,2.01667,19.308,54.1093,6
17-03-2012 11:30,18.634,18.462,15,203.339,205.344,45.144,46.5013,81.504,142.683,0,1.95867,19.8513,52.68,6
17-03-2012 11:45,18.9313,18.8107,15,203.627,205.973,45,46.3707,81.5813,141.637,0,1.82667,20.4247,51.5893,6
17-03-2012 12:00,19.278,19.168,15,203.595,205.216,44.8667,46.16,81.1627,142.4,0,2.14333,21.008,50.472,6
17-03-2012 12:15,19.6307,19.5113,15,203.275,205.355,44.624,45.9573,81.424,142.56,0,1.888,21.5,49.6027,6
17-03-2012 12:30,19.9507,19.8427,15,203.115,205.397,44.4587,45.8107,81.4213,126.219,0,2.61267,22.0267,48.104,6
17-03-2012 12:45,20.2887,20.146,15,203.104,205.547,44.192,45.5093,81.3413,113.008,0,2.526,22.48,46.8907,6
17-03-2012 13:00,20.5953,20.4473,15,203.104,204.907,43.728,45.216,81.0027,112.837,0,3.25067,22.8667,46.2933,6
17-03-2012 13:15,20.8707,20.74,15,202.987,204.981,43.2667,44.9947,81.1013,113.04,0,2.578,23.2827,45.048,6
17-03-2012 13:30,21.1547,20.9973,15,203.317,205.056,43.3387,45.08,80.9227,112.571,0,2.63733,23.764,44.2,6
17-03-2012 13:45,21.4453,21.1987,15,203.488,205.109,42.96,44.9653,80.7813,108.827,0,3.47333,24.1453,43.6,6
17-03-2012 14:00,21.7227,21.48,15,203.125,205.664,42.176,44.424,77.0987,83.2107,0,3.378,24.584,42.5733,6
17-03-2012 14:15,21.984,21.7,15,203.115,204.949,41.7627,44.1547,51.064,84.048,0,3.32133,24.9333,42.2987,6
17-03-2012 14:30,22.2307,21.9,15,202.752,205.515,41.2307,43.7867,51.1733,72.2027,0,3.186,25.288,41.3987,6
17-03-2012 14:45,22.44,22.0813,15,203.531,205.568,41.028,43.5973,45.0413,52.816,0,3.138,25.532,40.8213,6
17-03-2012 15:00,22.6267,22.2333,15,202.805,205.515,40.648,43.7413,41.516,46.4987,0,2.464,25.712,40.4613,6
17-03-2012 15:15,22.8093,22.3627,15,205.152,205.771,41.6613,42.9467,39.9387,43.0973,0,3.866,25.7133,39.7267,6
17-03-2012 15:30,22.96,22.428,15,206.699,206.144,41.964,42.5093,31.1267,32.5573,0,4.32533,25.4933,39.8867,6
17-03-2012 15:45,23.088,22.5453,15,205.12,205.76,41.4907,42.552,24.9253,24.5707,0,3.69667,25.232,39.6107,6
17-03-2012 16:00,23.168,22.608,15,204.363,205.984,42.064,42.5467,20.822,23.44,0,3.942,24.9213,39.4973,6
17-03-2012 16:15,23.2293,22.656,15,204.16,205.344,41.6293,42.568,20.8233,22.7667,0,3.72133,24.612,39.1707,6
17-03-2012 16:30,23.2533,22.6987,15,203.413,205.76,41.064,42.7093,20.904,23.748,0,2.726,24.3627,39.292,6
17-03-2012 16:45,23.292,22.6933,15,203.403,205.813,40.972,42.7733,20.742,23.3413,0,3.29,24.092,39.868,6
17-03-2012 17:00,23.2853,22.7213,15,203.008,205.568,40.8467,42.7947,21.002,23.0107,0,2.31933,23.8507,40.2107,6
17-03-2012 17:15,23.2373,22.7067,15,202.827,205.845,40.9213,42.9467,20.6427,23.144,0,2.818,23.6573,36.5533,6
17-03-2012 17:30,23.232,22.7,15,202.283,205.152,40.4413,42.2,20.8233,22.9453,0,2.176,23.5613,34.8293,6
17-03-2012 17:45,23.2107,22.672,15,202.421,205.739,40.064,41.4773,20.8233,23.0453,0,2.26,23.4107,33.4947,6
17-03-2012 18:00,23.168,22.664,15,201.824,204.171,39.6947,40.7747,14.416,22.5867,0,1.93,23.244,33.444,6
17-03-2012 18:15,23.124,22.62,15,201.707,205.088,39.4147,40.2133,11.6053,14.16,0,1.706,23.0533,33.3893,6
17-03-2012 18:30,23.0693,22.58,15,201.867,203.957,39.1667,39.6293,11.426,12.5167,0,1.34267,22.84,33.5227,6
17-03-2012 18:45,23.008,22.5453,15,202.389,205.184,38.9827,39.472,11.2133,13.46,0,0.994,22.588,33.4773,6
17-03-2012 19:00,22.9413,22.46,15,202.443,205.568,38.88,39.4827,11.622,13.1027,0,0.717333,22.272,33.5253,6
17-03-2012 19:15,22.88,22.4147,15,202.176,205.163,38.7787,39.616,11.1653,13.5573,0,0.67,21.976,33.684,6
17-03-2012 19:30,22.8147,22.344,15,202.453,204.96,38.848,39.6427,11.2947,12.94,0,0.166,21.7293,33.9613,6
17-03-2012 19:45,22.7533,22.312,15,202.677,205.013,38.96,40.4027,11.5073,12.7607,0,0.659333,21.4427,35.9227,6
17-03-2012 20:00,22.6707,22.24,15,203.616,206.475,39.6453,40.9093,11.2467,13.6227,0,1.32067,20.9693,43.7,6
17-03-2012 20:15,22.5813,22.1413,15,203.157,206.912,40.972,41.6827,11.524,13.1027,0,1.39533,20.5407,47.6267,6
17-03-2012 20:30,22.5013,22.064,15,203.189,207.008,42.0267,42.4907,11.8013,12.6953,0,1.462,20.156,49.864,6
17-03-2012 20:45,22.4107,21.944,15,205.077,207.712,42.8187,43.3867,11.4427,12.94,0,1.21333,19.7633,51.464,6
17-03-2012 21:00,22.296,21.8347,15,204.512,207.648,43.344,43.8027,11.6867,13.0373,0,0.26,19.4187,52.4693,6
17-03-2012 21:15,22.2107,21.7267,15,204.405,207.264,43.6853,44.216,11.1653,12.7773,0,0,19.0547,53.5707,6
17-03-2012 21:30,22.1053,21.6413,15,205.355,207.392,43.9707,44.5707,11.5073,13.5253,0,0.246,18.76,54.4773,6
17-03-2012 21:45,22.0293,21.5427,15,205.205,207.819,44.216,44.8587,11.5887,12.94,0,0.427333,18.55,55.2747,6
17-03-2012 22:00,21.916,21.44,15,204.075,207.936,44.512,45.12,11.426,13.102,0,0.134,18.362,55.952,6
17-03-2012 22:15,21.828,21.332,15,205.707,207.776,44.712,45.2773,11.328,12.94,0,0.153333,18.048,56.48,6
17-03-2012 22:30,21.7053,21.244,15,205.856,208.853,44.8507,45.4267,11.5887,12.012,0,0,17.628,57.7733,6
17-03-2012 22:45,21.5867,21.1333,15,205.195,209.152,44.984,45.5653,11.23,11.88,0,0.204667,17.4033,58.2107,6
17-03-2012 23:00,21.468,21.0173,15,206.379,209.056,45.224,45.6907,11.5887,13.3627,0,0.153333,17.2867,58.5467,6
17-03-2012 23:15,21.3507,20.9267,15,206.965,210.261,45.216,45.848,11.3447,13.2487,0,0.542667,17.1013,58.3573,6
17-03-2012 23:30,21.232,20.8133,15,206.475,210.027,45.2853,45.9093,11.524,12.7607,0,0.0673333,16.856,59.3493,6
17-03-2012 23:45,21.1067,20.7027,15,207.744,210.368,45.2133,46,11.7847,12.9233,0,0.0726667,16.7,58.624,6
